,Number_filters,Filter_size,Number_deepNeurons,AUROC
0,1,1,2,0.725376
1,1,1,2,0.6062719999999999
2,1,1,2,0.738944
3,1,1,4,0.7922560000000001
4,1,1,4,0.798848
5,1,1,4,0.645312
6,1,1,6,0.705728
7,1,1,6,0.568
8,1,1,6,0.7468800000000001
9,1,1,8,0.684928
10,1,1,8,0.7626879999999999
11,1,1,8,0.6631040000000001
12,1,1,10,0.6313599999999999
13,1,1,10,0.7710079999999999
14,1,1,10,0.835328
15,1,1,12,0.867008
16,1,1,12,0.7606400000000001
17,1,1,12,0.6796800000000001
18,1,1,14,0.764864
19,1,1,14,0.7226239999999999
20,1,1,14,0.659328
21,1,1,16,0.65856
22,1,1,16,0.7863039999999999
23,1,1,16,0.688832
24,1,1,18,0.719808
25,1,1,18,0.740736
26,1,1,18,0.823936
27,1,2,2,0.76352
28,1,2,2,0.672512
29,1,2,2,0.841472
30,1,2,4,0.8196479999999999
31,1,2,4,0.692032
32,1,2,4,0.78272
33,1,2,6,0.742656
34,1,2,6,0.8311040000000001
35,1,2,6,0.712896
36,1,2,8,0.760064
37,1,2,8,0.814912
38,1,2,8,0.8062079999999999
39,1,2,10,0.63936
40,1,2,10,0.784192
41,1,2,10,0.82944
42,1,2,12,0.807936
43,1,2,12,0.7913600000000001
44,1,2,12,0.853248
45,1,2,14,0.778432
46,1,2,14,0.7950719999999999
47,1,2,14,0.836992
48,1,2,16,0.8740479999999999
49,1,2,16,0.833024
50,1,2,16,0.8668159999999999
51,1,2,18,0.851008
52,1,2,18,0.6696960000000001
53,1,2,18,0.890624
54,1,3,2,0.797376
55,1,3,2,0.865344
56,1,3,2,0.8351999999999999
57,1,3,4,0.72832
58,1,3,4,0.805696
59,1,3,4,0.8953599999999999
60,1,3,6,0.792
61,1,3,6,0.89952
62,1,3,6,0.8184960000000001
63,1,3,8,0.7891839999999999
64,1,3,8,0.8395520000000001
65,1,3,8,0.927168
66,1,3,10,0.88864
67,1,3,10,0.83168
68,1,3,10,0.88064
69,1,3,12,0.8458239999999999
70,1,3,12,0.834176
71,1,3,12,0.869248
72,1,3,14,0.7862399999999999
73,1,3,14,0.782528
74,1,3,14,0.809344
75,1,3,16,0.85056
76,1,3,16,0.876608
77,1,3,16,0.733312
78,1,3,18,0.88288
79,1,3,18,0.9298559999999999
80,1,3,18,0.8539519999999999
81,1,4,2,0.79552
82,1,4,2,0.9283840000000001
83,1,4,2,0.835968
84,1,4,4,0.5964160000000001
85,1,4,4,0.8723839999999999
86,1,4,4,0.774528
87,1,4,6,0.837696
88,1,4,6,0.92
89,1,4,6,0.758464
90,1,4,8,0.8820479999999999
91,1,4,8,0.856512
92,1,4,8,0.881088
93,1,4,10,0.831232
94,1,4,10,0.892288
95,1,4,10,0.8309120000000001
96,1,4,12,0.833984
97,1,4,12,0.826048
98,1,4,12,0.922496
99,1,4,14,0.8462719999999999
100,1,4,14,0.8681599999999999
101,1,4,14,0.855936
102,1,4,16,0.8927999999999999
103,1,4,16,0.9793919999999999
104,1,4,16,0.8095359999999999
105,1,4,18,0.742848
106,1,4,18,0.8537599999999999
107,1,4,18,0.915584
108,1,5,2,0.8554240000000001
109,1,5,2,0.8848639999999999
110,1,5,2,0.77536
111,1,5,4,0.916352
112,1,5,4,0.8485119999999999
113,1,5,4,0.880256
114,1,5,6,0.915072
115,1,5,6,0.876608
116,1,5,6,0.8736
117,1,5,8,0.8684160000000001
118,1,5,8,0.822272
119,1,5,8,0.827008
120,1,5,10,0.931392
121,1,5,10,0.89792
122,1,5,10,0.9201280000000001
123,1,5,12,0.8857600000000001
124,1,5,12,0.9456
125,1,5,12,0.8326399999999999
126,1,5,14,0.853504
127,1,5,14,0.7690880000000001
128,1,5,14,0.883584
129,1,5,16,0.916544
130,1,5,16,0.9272959999999999
131,1,5,16,0.9087999999999999
132,1,5,18,0.849728
133,1,5,18,0.879296
134,1,5,18,0.9517439999999999
135,1,6,2,0.94304
136,1,6,2,0.976384
137,1,6,2,0.88096
138,1,6,4,0.9112319999999999
139,1,6,4,0.851456
140,1,6,4,0.6329600000000001
141,1,6,6,0.9017600000000001
142,1,6,6,0.934336
143,1,6,6,0.8524160000000001
144,1,6,8,0.885248
145,1,6,8,0.9564159999999999
146,1,6,8,0.93824
147,1,6,10,0.944256
148,1,6,10,0.8743679999999999
149,1,6,10,0.950592
150,1,6,12,0.93248
151,1,6,12,0.8815360000000001
152,1,6,12,0.907776
153,1,6,14,0.9804160000000001
154,1,6,14,0.9399679999999999
155,1,6,14,0.963648
156,1,6,16,0.9499519999999999
157,1,6,16,0.927744
158,1,6,16,0.950528
159,1,6,18,0.879488
160,1,6,18,0.954944
161,1,6,18,0.884224
162,1,7,2,0.794176
163,1,7,2,0.9532160000000001
164,1,7,2,0.841216
165,1,7,4,0.9332480000000001
166,1,7,4,0.934528
167,1,7,4,0.915776
168,1,7,6,0.9064319999999999
169,1,7,6,0.8607999999999999
170,1,7,6,0.939776
171,1,7,8,0.8126720000000001
172,1,7,8,0.9031039999999999
173,1,7,8,0.929664
174,1,7,10,0.98112
175,1,7,10,0.9434880000000001
176,1,7,10,0.9129599999999999
177,1,7,12,0.93984
178,1,7,12,0.9459839999999999
179,1,7,12,0.915008
180,1,7,14,0.9308160000000001
181,1,7,14,0.9077120000000001
182,1,7,14,0.903424
183,1,7,16,0.918656
184,1,7,16,0.871936
185,1,7,16,0.824768
186,1,7,18,0.9376639999999999
187,1,7,18,0.9057280000000001
188,1,7,18,0.953152
189,1,8,2,0.81152
190,1,8,2,0.9516800000000001
191,1,8,2,0.9326079999999999
192,1,8,4,0.835264
193,1,8,4,0.8815999999999999
194,1,8,4,0.9409919999999999
195,1,8,6,0.900544
196,1,8,6,0.9024639999999999
197,1,8,6,0.889728
198,1,8,8,0.893888
199,1,8,8,0.9179520000000001
200,1,8,8,0.8624640000000001
201,1,8,10,0.888128
202,1,8,10,0.9614079999999999
203,1,8,10,0.9177599999999999
204,1,8,12,0.9226240000000001
205,1,8,12,0.8768640000000001
206,1,8,12,0.8881919999999999
207,1,8,14,0.8519039999999999
208,1,8,14,0.9347840000000001
209,1,8,14,0.9066879999999999
210,1,8,16,0.9024000000000001
211,1,8,16,0.964288
212,1,8,16,0.9483520000000001
213,1,8,18,0.93792
214,1,8,18,0.92128
215,1,8,18,0.9491200000000001
216,1,9,2,0.907328
217,1,9,2,0.966848
218,1,9,2,0.9603200000000001
219,1,9,4,0.884544
220,1,9,4,0.941952
221,1,9,4,0.922048
222,1,9,6,0.960768
223,1,9,6,0.8803839999999999
224,1,9,6,0.960064
225,1,9,8,0.8916479999999999
226,1,9,8,0.924736
227,1,9,8,0.902976
228,1,9,10,0.946368
229,1,9,10,0.9087999999999998
230,1,9,10,0.9166080000000001
231,1,9,12,0.92416
232,1,9,12,0.874816
233,1,9,12,0.96288
234,1,9,14,0.87968
235,1,9,14,0.962176
236,1,9,14,0.919552
237,1,9,16,0.896768
238,1,9,16,0.952896
239,1,9,16,0.9275519999999999
240,1,9,18,0.937472
241,1,9,18,0.95712
242,1,9,18,0.9597439999999999
243,2,1,2,0.745536
244,2,1,2,0.8122240000000001
245,2,1,2,0.782208
246,2,1,4,0.807488
247,2,1,4,0.63648
248,2,1,4,0.8113919999999999
249,2,1,6,0.7734399999999999
250,2,1,6,0.683392
251,2,1,6,0.733056
252,2,1,8,0.81184
253,2,1,8,0.8444799999999999
254,2,1,8,0.62976
255,2,1,10,0.8488319999999999
256,2,1,10,0.8261759999999999
257,2,1,10,0.7934079999999999
258,2,1,12,0.8604799999999999
259,2,1,12,0.835072
260,2,1,12,0.8503679999999999
261,2,1,14,0.837888
262,2,1,14,0.803968
263,2,1,14,0.815232
264,2,1,16,0.799616
265,2,1,16,0.85888
266,2,1,16,0.756544
267,2,1,18,0.7674880000000001
268,2,1,18,0.716864
269,2,1,18,0.7528959999999999
270,2,2,2,0.7957759999999999
271,2,2,2,0.9210240000000001
272,2,2,2,0.827328
273,2,2,4,0.849472
274,2,2,4,0.896704
275,2,2,4,0.8728960000000001
276,2,2,6,0.9050239999999999
277,2,2,6,0.8456319999999999
278,2,2,6,0.951616
279,2,2,8,0.857024
280,2,2,8,0.813952
281,2,2,8,0.868544
282,2,2,10,0.862208
283,2,2,10,0.914432
284,2,2,10,0.7553279999999999
285,2,2,12,0.8945919999999999
286,2,2,12,0.82464
287,2,2,12,0.762688
288,2,2,14,0.9243520000000001
289,2,2,14,0.8687999999999999
290,2,2,14,0.8448640000000001
291,2,2,16,0.8933120000000001
292,2,2,16,0.820672
293,2,2,16,0.772672
294,2,2,18,0.8749439999999999
295,2,2,18,0.887744
296,2,2,18,0.9431680000000001
297,2,3,2,0.9102079999999999
298,2,3,2,0.895744
299,2,3,2,0.9506560000000001
300,2,3,4,0.936192
301,2,3,4,0.93856
302,2,3,4,0.8344959999999999
303,2,3,6,0.8590720000000001
304,2,3,6,0.928832
305,2,3,6,0.856384
306,2,3,8,0.949312
307,2,3,8,0.857536
308,2,3,8,0.899072
309,2,3,10,0.787648
310,2,3,10,0.9152
311,2,3,10,0.952576
312,2,3,12,0.880128
313,2,3,12,0.826048
314,2,3,12,0.8248960000000001
315,2,3,14,0.892544
316,2,3,14,0.9508479999999999
317,2,3,14,0.955776
318,2,3,16,0.9512320000000001
319,2,3,16,0.9275519999999999
320,2,3,16,0.9339519999999999
321,2,3,18,0.9212159999999999
322,2,3,18,0.9397760000000001
323,2,3,18,0.9334399999999999
324,2,4,2,0.940736
325,2,4,2,0.902528
326,2,4,2,0.913216
327,2,4,4,0.8622719999999999
328,2,4,4,0.8575999999999999
329,2,4,4,0.7665280000000001
330,2,4,6,0.865984
331,2,4,6,0.8421120000000001
332,2,4,6,0.8917120000000001
333,2,4,8,0.898112
334,2,4,8,0.93088
335,2,4,8,0.95968
336,2,4,10,0.9668479999999999
337,2,4,10,0.904704
338,2,4,10,0.943872
339,2,4,12,0.944384
340,2,4,12,0.9486080000000001
341,2,4,12,0.8679680000000001
342,2,4,14,0.931968
343,2,4,14,0.974464
344,2,4,14,0.9512320000000001
345,2,4,16,0.89216
346,2,4,16,0.9271039999999999
347,2,4,16,0.9083519999999999
348,2,4,18,0.900224
349,2,4,18,0.973888
350,2,4,18,0.9308160000000001
351,2,5,2,0.768768
352,2,5,2,0.943936
353,2,5,2,0.938048
354,2,5,4,0.965376
355,2,5,4,0.896192
356,2,5,4,0.952768
357,2,5,6,0.965568
358,2,5,6,0.877184
359,2,5,6,0.961408
360,2,5,8,0.9629439999999999
361,2,5,8,0.940032
362,2,5,8,0.949312
363,2,5,10,0.9472
364,2,5,10,0.925376
365,2,5,10,0.9630719999999999
366,2,5,12,0.9134720000000001
367,2,5,12,0.943744
368,2,5,12,0.92096
369,2,5,14,0.955776
370,2,5,14,0.960896
371,2,5,14,0.961344
372,2,5,16,0.8999680000000001
373,2,5,16,0.917056
374,2,5,16,0.844736
375,2,5,18,0.967808
376,2,5,18,0.884544
377,2,5,18,0.8724479999999999
378,2,6,2,0.93472
379,2,6,2,0.9632000000000001
380,2,6,2,0.9292159999999999
381,2,6,4,0.956672
382,2,6,4,0.9048320000000001
383,2,6,4,0.961536
384,2,6,6,0.9511040000000001
385,2,6,6,0.908928
386,2,6,6,0.952
387,2,6,8,0.971968
388,2,6,8,0.91776
389,2,6,8,0.9739519999999999
390,2,6,10,0.968256
391,2,6,10,0.933888
392,2,6,10,0.991552
393,2,6,12,0.953408
394,2,6,12,0.96992
395,2,6,12,0.954624
396,2,6,14,0.96896
397,2,6,14,0.979904
398,2,6,14,0.960448
399,2,6,16,0.957376
400,2,6,16,0.9781119999999999
401,2,6,16,0.963392
402,2,6,18,0.9797119999999999
403,2,6,18,0.9364480000000001
404,2,6,18,0.9512320000000001
405,2,7,2,0.942016
406,2,7,2,0.7898240000000001
407,2,7,2,0.9565440000000001
408,2,7,4,0.949824
409,2,7,4,0.7381759999999999
410,2,7,4,0.977792
411,2,7,6,0.9696
412,2,7,6,0.9511680000000001
413,2,7,6,0.92256
414,2,7,8,0.95328
415,2,7,8,0.93824
416,2,7,8,0.948032
417,2,7,10,0.934976
418,2,7,10,0.92512
419,2,7,10,0.985152
420,2,7,12,0.960768
421,2,7,12,0.966592
422,2,7,12,0.94656
423,2,7,14,0.94848
424,2,7,14,0.9500799999999999
425,2,7,14,0.9427199999999999
426,2,7,16,0.9910399999999999
427,2,7,16,0.93408
428,2,7,16,0.96736
429,2,7,18,0.969792
430,2,7,18,0.951488
431,2,7,18,0.918848
432,2,8,2,0.9630720000000002
433,2,8,2,0.9833600000000001
434,2,8,2,0.947584
435,2,8,4,0.97888
436,2,8,4,0.979328
437,2,8,4,0.982528
438,2,8,6,0.977088
439,2,8,6,0.949632
440,2,8,6,0.9326720000000001
441,2,8,8,0.961536
442,2,8,8,0.975552
443,2,8,8,0.9572480000000001
444,2,8,10,0.900992
445,2,8,10,0.972416
446,2,8,10,0.973696
447,2,8,12,0.951104
448,2,8,12,0.950208
449,2,8,12,0.9567359999999999
450,2,8,14,0.958784
451,2,8,14,0.9248
452,2,8,14,0.8845439999999999
453,2,8,16,0.9808
454,2,8,16,0.9701120000000001
455,2,8,16,0.9746560000000001
456,2,8,18,0.9459839999999999
457,2,8,18,0.978944
458,2,8,18,0.9714560000000001
459,2,9,2,0.881984
460,2,9,2,0.853376
461,2,9,2,0.969792
462,2,9,4,0.931136
463,2,9,4,0.981056
464,2,9,4,0.9596159999999999
465,2,9,6,0.9733120000000001
466,2,9,6,0.9678720000000001
467,2,9,6,0.97568
468,2,9,8,0.9600639999999999
469,2,9,8,0.988096
470,2,9,8,0.920512
471,2,9,10,0.902976
472,2,9,10,0.998208
473,2,9,10,0.9575680000000001
474,2,9,12,0.960896
475,2,9,12,0.8718080000000001
476,2,9,12,0.943232
477,2,9,14,0.97504
478,2,9,14,0.956032
479,2,9,14,0.9958400000000001
480,2,9,16,0.9783040000000001
481,2,9,16,0.9822719999999999
482,2,9,16,0.9811840000000001
483,2,9,18,0.9779199999999999
484,2,9,18,0.993216
485,2,9,18,0.978368
486,3,1,2,0.575232
487,3,1,2,0.8064
488,3,1,2,0.9176319999999999
489,3,1,4,0.7863680000000001
490,3,1,4,0.859712
491,3,1,4,0.8370559999999999
492,3,1,6,0.7196799999999999
493,3,1,6,0.788352
494,3,1,6,0.86112
495,3,1,8,0.7790079999999999
496,3,1,8,0.832896
497,3,1,8,0.6861440000000001
498,3,1,10,0.791808
499,3,1,10,0.8487039999999999
500,3,1,10,0.7816320000000001
501,3,1,12,0.813568
502,3,1,12,0.8364799999999999
503,3,1,12,0.8722559999999999
504,3,1,14,0.782016
505,3,1,14,0.867008
506,3,1,14,0.9124479999999999
507,3,1,16,0.863808
508,3,1,16,0.8114560000000002
509,3,1,16,0.868416
510,3,1,18,0.809792
511,3,1,18,0.83104
512,3,1,18,0.72224
513,3,2,2,0.825728
514,3,2,2,0.992
515,3,2,2,0.929728
516,3,2,4,0.883136
517,3,2,4,0.8705280000000001
518,3,2,4,0.8712320000000001
519,3,2,6,0.7744
520,3,2,6,0.949696
521,3,2,6,0.8871680000000001
522,3,2,8,0.9407359999999999
523,3,2,8,0.983168
524,3,2,8,0.7800320000000001
525,3,2,10,0.8842239999999999
526,3,2,10,0.930112
527,3,2,10,0.9544320000000001
528,3,2,12,0.892352
529,3,2,12,0.898112
530,3,2,12,0.7761279999999999
531,3,2,14,0.862784
532,3,2,14,0.860992
533,3,2,14,0.900992
534,3,2,16,0.9310719999999999
535,3,2,16,0.875968
536,3,2,16,0.8293760000000001
537,3,2,18,0.867584
538,3,2,18,0.883264
539,3,2,18,0.8657279999999999
540,3,3,2,0.904576
541,3,3,2,0.883968
542,3,3,2,0.92992
543,3,3,4,0.9070719999999999
544,3,3,4,0.9692799999999999
545,3,3,4,0.9488000000000001
546,3,3,6,0.936064
547,3,3,6,0.883712
548,3,3,6,0.9199999999999999
549,3,3,8,0.9439360000000001
550,3,3,8,0.941248
551,3,3,8,0.8984319999999999
552,3,3,10,0.9028480000000001
553,3,3,10,0.9425920000000001
554,3,3,10,0.911424
555,3,3,12,0.911424
556,3,3,12,0.885248
557,3,3,12,0.974464
558,3,3,14,0.9550719999999999
559,3,3,14,0.908288
560,3,3,14,0.952384
561,3,3,16,0.9612799999999999
562,3,3,16,0.9284479999999999
563,3,3,16,0.884352
564,3,3,18,0.939776
565,3,3,18,0.9108479999999999
566,3,3,18,0.926784
567,3,4,2,0.92224
568,3,4,2,0.9550719999999999
569,3,4,2,0.921344
570,3,4,4,0.966976
571,3,4,4,0.8972799999999999
572,3,4,4,0.88352
573,3,4,6,0.9568
574,3,4,6,0.949504
575,3,4,6,0.909568
576,3,4,8,0.926592
577,3,4,8,0.955648
578,3,4,8,0.867904
579,3,4,10,0.938112
580,3,4,10,0.968832
581,3,4,10,0.9550079999999999
582,3,4,12,0.967488
583,3,4,12,0.961792
584,3,4,12,0.9624320000000001
585,3,4,14,0.95072
586,3,4,14,0.965824
587,3,4,14,0.9456
588,3,4,16,0.9701120000000001
589,3,4,16,0.967232
590,3,4,16,0.9262719999999999
591,3,4,18,0.924928
592,3,4,18,0.9576319999999999
593,3,4,18,0.922752
594,3,5,2,0.948032
595,3,5,2,0.9583999999999999
596,3,5,2,0.9774079999999999
597,3,5,4,0.97664
598,3,5,4,0.8897920000000001
599,3,5,4,0.920768
600,3,5,6,0.938304
601,3,5,6,0.953792
602,3,5,6,0.934272
603,3,5,8,0.961344
604,3,5,8,0.931264
605,3,5,8,0.968896
606,3,5,10,0.949568
607,3,5,10,0.95616
608,3,5,10,0.970688
609,3,5,12,0.955008
610,3,5,12,0.993344
611,3,5,12,0.968896
612,3,5,14,0.95968
613,3,5,14,0.920576
614,3,5,14,0.9792
615,3,5,16,0.993984
616,3,5,16,0.93408
617,3,5,16,0.9613440000000001
618,3,5,18,0.986944
619,3,5,18,0.9392
620,3,5,18,0.9544959999999999
621,3,6,2,0.9041279999999999
622,3,6,2,0.871424
623,3,6,2,0.7806720000000001
624,3,6,4,0.977664
625,3,6,4,0.9544320000000001
626,3,6,4,0.944896
627,3,6,6,0.9781759999999999
628,3,6,6,0.9626239999999999
629,3,6,6,0.9514879999999999
630,3,6,8,0.95872
631,3,6,8,0.948864
632,3,6,8,0.976192
633,3,6,10,0.9622399999999999
634,3,6,10,0.9879039999999999
635,3,6,10,0.956288
636,3,6,12,0.97664
637,3,6,12,0.979584
638,3,6,12,0.9696640000000001
639,3,6,14,0.987904
640,3,6,14,0.927296
641,3,6,14,0.9899520000000002
642,3,6,16,0.96928
643,3,6,16,0.984384
644,3,6,16,0.993024
645,3,6,18,0.926336
646,3,6,18,0.98144
647,3,6,18,0.972992
648,3,7,2,0.9860479999999999
649,3,7,2,0.9386880000000001
650,3,7,2,0.9383680000000001
651,3,7,4,0.988544
652,3,7,4,0.962304
653,3,7,4,0.9568
654,3,7,6,0.973312
655,3,7,6,0.980928
656,3,7,6,0.9375359999999999
657,3,7,8,0.96256
658,3,7,8,0.924096
659,3,7,8,0.983168
660,3,7,10,0.9728
661,3,7,10,0.97632
662,3,7,10,0.9448319999999999
663,3,7,12,0.9781759999999999
664,3,7,12,0.9639679999999999
665,3,7,12,0.9570560000000001
666,3,7,14,0.9696
667,3,7,14,0.9171839999999999
668,3,7,14,0.9807999999999999
669,3,7,16,0.9655039999999999
670,3,7,16,0.969728
671,3,7,16,0.985792
672,3,7,18,0.963776
673,3,7,18,0.9598720000000001
674,3,7,18,0.98816
675,3,8,2,0.960192
676,3,8,2,0.9663999999999999
677,3,8,2,0.9353599999999999
678,3,8,4,0.980032
679,3,8,4,0.9981439999999999
680,3,8,4,0.929344
681,3,8,6,0.9898880000000001
682,3,8,6,0.9828479999999999
683,3,8,6,0.976704
684,3,8,8,0.96512
685,3,8,8,0.9713919999999999
686,3,8,8,0.953728
687,3,8,10,0.9848319999999999
688,3,8,10,0.9966079999999999
689,3,8,10,0.946944
690,3,8,12,0.9686400000000001
691,3,8,12,0.9586560000000002
692,3,8,12,0.950208
693,3,8,14,0.9816960000000001
694,3,8,14,0.959104
695,3,8,14,0.9617279999999999
696,3,8,16,0.9696640000000001
697,3,8,16,0.990016
698,3,8,16,0.938944
699,3,8,18,0.945984
700,3,8,18,0.9953280000000001
701,3,8,18,0.9797119999999999
702,3,9,2,0.982208
703,3,9,2,0.9818239999999999
704,3,9,2,0.933056
705,3,9,4,0.980864
706,3,9,4,0.95808
707,3,9,4,0.988416
708,3,9,6,0.9794560000000001
709,3,9,6,0.97504
710,3,9,6,0.981312
711,3,9,8,0.984192
712,3,9,8,0.9781120000000001
713,3,9,8,0.9804160000000001
714,3,9,10,0.971712
715,3,9,10,0.995328
716,3,9,10,0.996032
717,3,9,12,0.9664
718,3,9,12,0.991936
719,3,9,12,0.9504639999999999
720,3,9,14,0.98912
721,3,9,14,0.9964160000000001
722,3,9,14,0.964416
723,3,9,16,0.944192
724,3,9,16,0.978176
725,3,9,16,0.97184
726,3,9,18,0.98432
727,3,9,18,0.966848
728,3,9,18,0.9567999999999999
729,4,1,2,0.7802239999999999
730,4,1,2,0.7816960000000002
731,4,1,2,0.862208
732,4,1,4,0.8570880000000001
733,4,1,4,0.926208
734,4,1,4,0.688064
735,4,1,6,0.923264
736,4,1,6,0.9304319999999999
737,4,1,6,0.8004479999999999
738,4,1,8,0.8462719999999999
739,4,1,8,0.9311999999999999
740,4,1,8,0.841152
741,4,1,10,0.87136
742,4,1,10,0.8728959999999999
743,4,1,10,0.859136
744,4,1,12,0.85056
745,4,1,12,0.904064
746,4,1,12,0.864512
747,4,1,14,0.850112
748,4,1,14,0.909824
749,4,1,14,0.8873599999999999
750,4,1,16,0.9432320000000001
751,4,1,16,0.895872
752,4,1,16,0.9010560000000001
753,4,1,18,0.755392
754,4,1,18,0.838784
755,4,1,18,0.8780160000000001
756,4,2,2,0.817216
757,4,2,2,0.774976
758,4,2,2,0.9415680000000001
759,4,2,4,0.9192959999999999
760,4,2,4,0.897088
761,4,2,4,0.9443840000000001
762,4,2,6,0.926016
763,4,2,6,0.8730239999999999
764,4,2,6,0.9696640000000001
765,4,2,8,0.9301119999999999
766,4,2,8,0.9296
767,4,2,8,0.8684799999999999
768,4,2,10,0.885504
769,4,2,10,0.911872
770,4,2,10,0.96832
771,4,2,12,0.9116799999999999
772,4,2,12,0.94976
773,4,2,12,0.921088
774,4,2,14,0.890368
775,4,2,14,0.9364480000000001
776,4,2,14,0.898944
777,4,2,16,0.9068799999999999
778,4,2,16,0.9216
779,4,2,16,0.87232
780,4,2,18,0.89536
781,4,2,18,0.9115519999999999
782,4,2,18,0.934848
783,4,3,2,0.718976
784,4,3,2,0.900992
785,4,3,2,0.958016
786,4,3,4,0.9027839999999999
787,4,3,4,0.897408
788,4,3,4,0.945024
789,4,3,6,0.967232
790,4,3,6,0.9584
791,4,3,6,0.9610879999999999
792,4,3,8,0.97376
793,4,3,8,0.9238400000000001
794,4,3,8,0.917568
795,4,3,10,0.9689599999999999
796,4,3,10,0.8870399999999999
797,4,3,10,0.8997120000000001
798,4,3,12,0.8897280000000001
799,4,3,12,0.916928
800,4,3,12,0.9627520000000002
801,4,3,14,0.9635199999999999
802,4,3,14,0.9118080000000001
803,4,3,14,0.9711360000000001
804,4,3,16,0.944064
805,4,3,16,0.936512
806,4,3,16,0.9463039999999999
807,4,3,18,0.93984
808,4,3,18,0.969792
809,4,3,18,0.949056
810,4,4,2,0.9638399999999999
811,4,4,2,0.9601919999999999
812,4,4,2,0.9791359999999999
813,4,4,4,0.947776
814,4,4,4,0.902464
815,4,4,4,0.883904
816,4,4,6,0.953216
817,4,4,6,0.966592
818,4,4,6,0.9527039999999999
819,4,4,8,0.97088
820,4,4,8,0.9884160000000001
821,4,4,8,0.989568
822,4,4,10,0.93536
823,4,4,10,0.94016
824,4,4,10,0.944512
825,4,4,12,0.958464
826,4,4,12,0.947072
827,4,4,12,0.981632
828,4,4,14,0.9723520000000001
829,4,4,14,0.967296
830,4,4,14,0.953792
831,4,4,16,0.9672320000000001
832,4,4,16,0.957504
833,4,4,16,0.961088
834,4,4,18,0.9537279999999999
835,4,4,18,0.9760639999999999
836,4,4,18,0.9322239999999999
837,4,5,2,0.9809279999999999
838,4,5,2,0.9207679999999999
839,4,5,2,0.96384
840,4,5,4,0.970048
841,4,5,4,0.96704
842,4,5,4,0.9665279999999999
843,4,5,6,0.9792000000000001
844,4,5,6,0.906432
845,4,5,6,0.982912
846,4,5,8,0.981312
847,4,5,8,0.9968
848,4,5,8,0.975616
849,4,5,10,0.939392
850,4,5,10,0.971712
851,4,5,10,0.9960960000000001
852,4,5,12,0.970048
853,4,5,12,0.9601280000000001
854,4,5,12,0.969472
855,4,5,14,0.9482879999999999
856,4,5,14,0.95008
857,4,5,14,0.9896320000000001
858,4,5,16,0.975808
859,4,5,16,0.9791359999999999
860,4,5,16,0.943808
861,4,5,18,0.9696
862,4,5,18,0.9723520000000001
863,4,5,18,0.9736319999999999
864,4,6,2,0.937216
865,4,6,2,0.974208
866,4,6,2,0.96736
867,4,6,4,0.9832960000000001
868,4,6,4,0.966976
869,4,6,4,0.953216
870,4,6,6,0.960448
871,4,6,6,0.97728
872,4,6,6,0.9556479999999999
873,4,6,8,0.942848
874,4,6,8,0.97824
875,4,6,8,0.942976
876,4,6,10,0.994176
877,4,6,10,0.982464
878,4,6,10,0.97888
879,4,6,12,0.9774079999999999
880,4,6,12,0.965568
881,4,6,12,0.969664
882,4,6,14,0.9921920000000001
883,4,6,14,0.9883519999999999
884,4,6,14,0.9845759999999999
885,4,6,16,0.981568
886,4,6,16,0.996096
887,4,6,16,0.9690240000000001
888,4,6,18,0.985088
889,4,6,18,0.992448
890,4,6,18,0.995136
891,4,7,2,0.860608
892,4,7,2,0.9789440000000001
893,4,7,2,0.972608
894,4,7,4,0.9771520000000001
895,4,7,4,0.9736319999999999
896,4,7,4,0.956672
897,4,7,6,0.9464319999999999
898,4,7,6,0.9761280000000001
899,4,7,6,0.982912
900,4,7,8,0.964992
901,4,7,8,0.990656
902,4,7,8,0.9900800000000001
903,4,7,10,0.986368
904,4,7,10,0.952576
905,4,7,10,0.981696
906,4,7,12,0.9580160000000001
907,4,7,12,0.979648
908,4,7,12,0.943808
909,4,7,14,0.973184
910,4,7,14,0.973632
911,4,7,14,0.976448
912,4,7,16,0.963136
913,4,7,16,0.993984
914,4,7,16,0.954752
915,4,7,18,0.9767680000000001
916,4,7,18,0.97632
917,4,7,18,0.98304
918,4,8,2,0.680576
919,4,8,2,0.9900160000000001
920,4,8,2,0.98112
921,4,8,4,0.9732479999999999
922,4,8,4,0.9916159999999999
923,4,8,4,0.9536
924,4,8,6,0.9805440000000001
925,4,8,6,0.953472
926,4,8,6,0.9860479999999999
927,4,8,8,0.992448
928,4,8,8,0.970304
929,4,8,8,0.9624320000000001
930,4,8,10,0.980224
931,4,8,10,0.987904
932,4,8,10,0.983552
933,4,8,12,0.9783040000000001
934,4,8,12,0.983104
935,4,8,12,0.998208
936,4,8,14,0.983616
937,4,8,14,0.9708160000000001
938,4,8,14,0.992896
939,4,8,16,0.9792639999999999
940,4,8,16,0.9946240000000001
941,4,8,16,0.99072
942,4,8,18,0.980864
943,4,8,18,0.99296
944,4,8,18,0.9849600000000001
945,4,9,2,0.9994240000000001
946,4,9,2,0.9792000000000001
947,4,9,2,0.979008
948,4,9,4,0.98272
949,4,9,4,0.9561600000000001
950,4,9,4,0.9776
951,4,9,6,0.997376
952,4,9,6,0.9757440000000001
953,4,9,6,0.966336
954,4,9,8,0.989696
955,4,9,8,0.9823999999999999
956,4,9,8,0.9928319999999999
957,4,9,10,0.969792
958,4,9,10,0.9900800000000001
959,4,9,10,0.994624
960,4,9,12,0.980096
961,4,9,12,0.97984
962,4,9,12,0.9953280000000001
963,4,9,14,0.993408
964,4,9,14,0.989824
965,4,9,14,0.976064
966,4,9,16,0.981184
967,4,9,16,0.989312
968,4,9,16,0.991808
969,4,9,18,0.9748479999999999
970,4,9,18,0.991104
971,4,9,18,0.9873280000000001
972,5,1,2,0.872512
973,5,1,2,0.8393600000000001
974,5,1,2,0.838848
975,5,1,4,0.79968
976,5,1,4,0.82048
977,5,1,4,0.85056
978,5,1,6,0.83392
979,5,1,6,0.9308160000000001
980,5,1,6,0.8784639999999999
981,5,1,8,0.9171200000000002
982,5,1,8,0.9081600000000001
983,5,1,8,0.854592
984,5,1,10,0.868416
985,5,1,10,0.8803839999999999
986,5,1,10,0.84736
987,5,1,12,0.90464
988,5,1,12,0.811456
989,5,1,12,0.908544
990,5,1,14,0.884544
991,5,1,14,0.84224
992,5,1,14,0.9132159999999999
993,5,1,16,0.886208
994,5,1,16,0.83744
995,5,1,16,0.8330879999999999
996,5,1,18,0.8824320000000001
997,5,1,18,0.87744
998,5,1,18,0.881408
999,5,2,2,0.9240320000000001
1000,5,2,2,0.9164800000000001
1001,5,2,2,0.9080320000000001
1002,5,2,4,0.9205760000000001
1003,5,2,4,0.934976
1004,5,2,4,0.9028479999999999
1005,5,2,6,0.8927360000000001
1006,5,2,6,0.859584
1007,5,2,6,0.923904
1008,5,2,8,0.8817279999999998
1009,5,2,8,0.931392
1010,5,2,8,0.97632
1011,5,2,10,0.933184
1012,5,2,10,0.9745280000000001
1013,5,2,10,0.9863040000000001
1014,5,2,12,0.949312
1015,5,2,12,0.9117440000000001
1016,5,2,12,0.941824
1017,5,2,14,0.949312
1018,5,2,14,0.954176
1019,5,2,14,0.9110400000000001
1020,5,2,16,0.956608
1021,5,2,16,0.908736
1022,5,2,16,0.9568
1023,5,2,18,0.967552
1024,5,2,18,0.924864
1025,5,2,18,0.861056
1026,5,3,2,0.9580799999999999
1027,5,3,2,0.960512
1028,5,3,2,0.9694079999999999
1029,5,3,4,0.9405439999999999
1030,5,3,4,0.954048
1031,5,3,4,0.9473280000000001
1032,5,3,6,0.9548159999999999
1033,5,3,6,0.94496
1034,5,3,6,0.95648
1035,5,3,8,0.964928
1036,5,3,8,0.955328
1037,5,3,8,0.972864
1038,5,3,10,0.97504
1039,5,3,10,0.960512
1040,5,3,10,0.980032
1041,5,3,12,0.892288
1042,5,3,12,0.975872
1043,5,3,12,0.956736
1044,5,3,14,0.965248
1045,5,3,14,0.941952
1046,5,3,14,0.9257599999999999
1047,5,3,16,0.914688
1048,5,3,16,0.9393279999999999
1049,5,3,16,0.9811840000000001
1050,5,3,18,0.939776
1051,5,3,18,0.977344
1052,5,3,18,0.9368320000000001
1053,5,4,2,0.975168
1054,5,4,2,0.952832
1055,5,4,2,0.9616640000000001
1056,5,4,4,0.93632
1057,5,4,4,0.9523840000000001
1058,5,4,4,0.9574400000000001
1059,5,4,6,0.970368
1060,5,4,6,0.88928
1061,5,4,6,0.966464
1062,5,4,8,0.973568
1063,5,4,8,0.984192
1064,5,4,8,0.9512959999999999
1065,5,4,10,0.9809920000000001
1066,5,4,10,0.937408
1067,5,4,10,0.956928
1068,5,4,12,0.97344
1069,5,4,12,0.931264
1070,5,4,12,0.989312
1071,5,4,14,0.9704959999999999
1072,5,4,14,0.9799680000000001
1073,5,4,14,0.984704
1074,5,4,16,0.984448
1075,5,4,16,0.993792
1076,5,4,16,0.96
1077,5,4,18,0.992384
1078,5,4,18,0.975232
1079,5,4,18,0.9172480000000001
1080,5,5,2,0.937152
1081,5,5,2,0.7505919999999999
1082,5,5,2,0.944768
1083,5,5,4,0.984128
1084,5,5,4,0.9383679999999999
1085,5,5,4,0.9786879999999999
1086,5,5,6,0.966464
1087,5,5,6,0.979392
1088,5,5,6,0.965184
1089,5,5,8,0.9852160000000001
1090,5,5,8,0.978944
1091,5,5,8,0.985024
1092,5,5,10,0.9823360000000001
1093,5,5,10,0.974912
1094,5,5,10,0.981504
1095,5,5,12,0.9745920000000001
1096,5,5,12,0.9545600000000001
1097,5,5,12,0.9558399999999999
1098,5,5,14,0.9804799999999999
1099,5,5,14,0.960704
1100,5,5,14,0.982464
1101,5,5,16,0.9641599999999999
1102,5,5,16,0.9954559999999999
1103,5,5,16,0.9893120000000001
1104,5,5,18,0.984576
1105,5,5,18,0.9701120000000001
1106,5,5,18,0.97088
1107,5,6,2,0.870912
1108,5,6,2,0.982016
1109,5,6,2,0.985856
1110,5,6,4,0.97728
1111,5,6,4,0.957632
1112,5,6,4,0.9955839999999999
1113,5,6,6,0.986688
1114,5,6,6,0.969984
1115,5,6,6,0.990912
1116,5,6,8,0.977408
1117,5,6,8,0.9825919999999999
1118,5,6,8,0.9532160000000001
1119,5,6,10,0.972608
1120,5,6,10,0.980672
1121,5,6,10,0.98304
1122,5,6,12,0.978752
1123,5,6,12,0.9902080000000001
1124,5,6,12,0.9783040000000001
1125,5,6,14,0.988672
1126,5,6,14,1.0
1127,5,6,14,0.9740800000000001
1128,5,6,16,0.965376
1129,5,6,16,0.996096
1130,5,6,16,0.96832
1131,5,6,18,0.951296
1132,5,6,18,0.966272
1133,5,6,18,0.991744
1134,5,7,2,0.987776
1135,5,7,2,0.991808
1136,5,7,2,0.9787520000000001
1137,5,7,4,0.969024
1138,5,7,4,0.822208
1139,5,7,4,0.955456
1140,5,7,6,0.9999359999999999
1141,5,7,6,0.999616
1142,5,7,6,0.965184
1143,5,7,8,0.97952
1144,5,7,8,0.968192
1145,5,7,8,0.996672
1146,5,7,10,0.989248
1147,5,7,10,0.9681279999999999
1148,5,7,10,0.985216
1149,5,7,12,0.97824
1150,5,7,12,0.966592
1151,5,7,12,0.958656
1152,5,7,14,0.9651839999999999
1153,5,7,14,0.977856
1154,5,7,14,0.9715199999999999
1155,5,7,16,0.9772160000000001
1156,5,7,16,0.9666560000000001
1157,5,7,16,0.98176
1158,5,7,18,0.9883519999999999
1159,5,7,18,0.9799040000000001
1160,5,7,18,0.994624
1161,5,8,2,0.8451200000000001
1162,5,8,2,0.818816
1163,5,8,2,0.9470080000000001
1164,5,8,4,0.977472
1165,5,8,4,0.9855360000000001
1166,5,8,4,0.98336
1167,5,8,6,0.9668479999999999
1168,5,8,6,0.9939199999999999
1169,5,8,6,0.985024
1170,5,8,8,0.986048
1171,5,8,8,0.998656
1172,5,8,8,0.9882879999999999
1173,5,8,10,0.9830400000000001
1174,5,8,10,0.992896
1175,5,8,10,0.9969920000000001
1176,5,8,12,0.9815039999999999
1177,5,8,12,0.9909120000000001
1178,5,8,12,0.969152
1179,5,8,14,0.9721599999999999
1180,5,8,14,0.987264
1181,5,8,14,0.919296
1182,5,8,16,0.9879680000000001
1183,5,8,16,0.973568
1184,5,8,16,0.976512
1185,5,8,18,0.976448
1186,5,8,18,0.9772160000000001
1187,5,8,18,0.97312
1188,5,9,2,0.977152
1189,5,9,2,0.992832
1190,5,9,2,0.950144
1191,5,9,4,0.981056
1192,5,9,4,0.9822719999999999
1193,5,9,4,0.9829760000000001
1194,5,9,6,0.965376
1195,5,9,6,0.942208
1196,5,9,6,0.9899520000000002
1197,5,9,8,0.993728
1198,5,9,8,0.995584
1199,5,9,8,0.981888
1200,5,9,10,0.97824
1201,5,9,10,0.9607680000000001
1202,5,9,10,0.95232
1203,5,9,12,0.982848
1204,5,9,12,0.9816320000000001
1205,5,9,12,0.9922559999999999
1206,5,9,14,0.988928
1207,5,9,14,0.99456
1208,5,9,14,0.9743999999999999
1209,5,9,16,0.9888
1210,5,9,16,0.9966079999999999
1211,5,9,16,0.992192
1212,5,9,18,0.988672
1213,5,9,18,0.989248
1214,5,9,18,0.990784
1215,6,1,2,0.93536
1216,6,1,2,0.870336
1217,6,1,2,0.8642560000000001
1218,6,1,4,0.844736
1219,6,1,4,0.8773759999999999
1220,6,1,4,0.93152
1221,6,1,6,0.869056
1222,6,1,6,0.7948799999999999
1223,6,1,6,0.8814719999999999
1224,6,1,8,0.8843519999999999
1225,6,1,8,0.8643200000000001
1226,6,1,8,0.929664
1227,6,1,10,0.9031680000000001
1228,6,1,10,0.852992
1229,6,1,10,0.8882559999999999
1230,6,1,12,0.8501119999999999
1231,6,1,12,0.9041920000000001
1232,6,1,12,0.9388799999999999
1233,6,1,14,0.91616
1234,6,1,14,0.925824
1235,6,1,14,0.934016
1236,6,1,16,0.944448
1237,6,1,16,0.94208
1238,6,1,16,0.921664
1239,6,1,18,0.9150720000000001
1240,6,1,18,0.9030400000000001
1241,6,1,18,0.910272
1242,6,2,2,0.9510400000000001
1243,6,2,2,0.943488
1244,6,2,2,0.7545600000000001
1245,6,2,4,0.92384
1246,6,2,4,0.9614079999999998
1247,6,2,4,0.946048
1248,6,2,6,0.95328
1249,6,2,6,0.95968
1250,6,2,6,0.9375359999999999
1251,6,2,8,0.866304
1252,6,2,8,0.9390080000000001
1253,6,2,8,0.952576
1254,6,2,10,0.948224
1255,6,2,10,0.9339519999999999
1256,6,2,10,0.933824
1257,6,2,12,0.981056
1258,6,2,12,0.922112
1259,6,2,12,0.9678079999999999
1260,6,2,14,0.9303039999999999
1261,6,2,14,0.935424
1262,6,2,14,0.970368
1263,6,2,16,0.95328
1264,6,2,16,0.881216
1265,6,2,16,0.983552
1266,6,2,18,0.954176
1267,6,2,18,0.9610879999999999
1268,6,2,18,0.938496
1269,6,3,2,0.99104
1270,6,3,2,0.932992
1271,6,3,2,0.962944
1272,6,3,4,0.9896960000000001
1273,6,3,4,0.983104
1274,6,3,4,0.9694719999999999
1275,6,3,6,0.991104
1276,6,3,6,0.955584
1277,6,3,6,0.9506560000000001
1278,6,3,8,0.9551999999999999
1279,6,3,8,0.9262079999999999
1280,6,3,8,0.9864959999999999
1281,6,3,10,0.946368
1282,6,3,10,0.993344
1283,6,3,10,0.9516159999999999
1284,6,3,12,0.954752
1285,6,3,12,0.943872
1286,6,3,12,0.978624
1287,6,3,14,0.950016
1288,6,3,14,0.966912
1289,6,3,14,0.9671679999999999
1290,6,3,16,0.9734400000000001
1291,6,3,16,0.956224
1292,6,3,16,0.971968
1293,6,3,18,0.971776
1294,6,3,18,0.9641599999999999
1295,6,3,18,0.9432320000000001
1296,6,4,2,0.953408
1297,6,4,2,0.83104
1298,6,4,2,0.944576
1299,6,4,4,0.9754879999999999
1300,6,4,4,0.931136
1301,6,4,4,0.96608
1302,6,4,6,0.960768
1303,6,4,6,0.982848
1304,6,4,6,0.9861759999999999
1305,6,4,8,0.9883520000000001
1306,6,4,8,0.9532160000000001
1307,6,4,8,0.953664
1308,6,4,10,0.9743359999999999
1309,6,4,10,0.925824
1310,6,4,10,0.96608
1311,6,4,12,0.9715200000000002
1312,6,4,12,0.943936
1313,6,4,12,0.968384
1314,6,4,14,0.975744
1315,6,4,14,0.9971840000000001
1316,6,4,14,0.988416
1317,6,4,16,0.976256
1318,6,4,16,0.9765119999999999
1319,6,4,16,0.971264
1320,6,4,18,0.9792
1321,6,4,18,0.9796480000000001
1322,6,4,18,0.979392
1323,6,5,2,0.842752
1324,6,5,2,0.974912
1325,6,5,2,0.983232
1326,6,5,4,0.9880960000000001
1327,6,5,4,0.982336
1328,6,5,4,0.986944
1329,6,5,6,0.969728
1330,6,5,6,0.972224
1331,6,5,6,0.970304
1332,6,5,8,0.9465600000000001
1333,6,5,8,0.971008
1334,6,5,8,0.9733120000000001
1335,6,5,10,0.972416
1336,6,5,10,0.969856
1337,6,5,10,0.972352
1338,6,5,12,0.939328
1339,6,5,12,0.984768
1340,6,5,12,0.954752
1341,6,5,14,0.972928
1342,6,5,14,0.970496
1343,6,5,14,0.9850880000000001
1344,6,5,16,0.98656
1345,6,5,16,0.9852799999999999
1346,6,5,16,0.9573119999999999
1347,6,5,18,0.973568
1348,6,5,18,0.979648
1349,6,5,18,0.9647359999999999
1350,6,6,2,0.984
1351,6,6,2,0.99968
1352,6,6,2,0.97888
1353,6,6,4,0.98272
1354,6,6,4,0.9639040000000001
1355,6,6,4,0.94912
1356,6,6,6,0.9845760000000001
1357,6,6,6,0.993216
1358,6,6,6,0.958272
1359,6,6,8,0.9861120000000001
1360,6,6,8,0.96992
1361,6,6,8,0.987008
1362,6,6,10,0.9753600000000001
1363,6,6,10,0.992896
1364,6,6,10,0.9781759999999999
1365,6,6,12,0.976448
1366,6,6,12,0.9812479999999999
1367,6,6,12,0.967488
1368,6,6,14,0.982656
1369,6,6,14,0.979712
1370,6,6,14,0.978432
1371,6,6,16,0.991168
1372,6,6,16,0.98688
1373,6,6,16,0.976576
1374,6,6,18,0.98656
1375,6,6,18,0.9863040000000001
1376,6,6,18,0.9994239999999999
1377,6,7,2,0.977856
1378,6,7,2,0.955456
1379,6,7,2,0.988032
1380,6,7,4,0.984256
1381,6,7,4,0.984128
1382,6,7,4,0.9880960000000001
1383,6,7,6,0.978176
1384,6,7,6,0.9591040000000001
1385,6,7,6,0.97568
1386,6,7,8,0.987136
1387,6,7,8,0.989248
1388,6,7,8,0.9347840000000001
1389,6,7,10,0.985472
1390,6,7,10,0.9810559999999999
1391,6,7,10,0.9968640000000001
1392,6,7,12,0.9831040000000001
1393,6,7,12,0.9850880000000001
1394,6,7,12,0.9838720000000001
1395,6,7,14,0.9868800000000001
1396,6,7,14,0.9896959999999999
1397,6,7,14,0.995456
1398,6,7,16,0.995264
1399,6,7,16,0.999168
1400,6,7,16,0.979776
1401,6,7,18,0.98528
1402,6,7,18,0.972736
1403,6,7,18,0.986688
1404,6,8,2,0.980096
1405,6,8,2,0.947968
1406,6,8,2,0.821056
1407,6,8,4,0.99264
1408,6,8,4,0.9880319999999999
1409,6,8,4,0.991936
1410,6,8,6,0.967296
1411,6,8,6,0.992896
1412,6,8,6,0.9752320000000001
1413,6,8,8,0.978368
1414,6,8,8,0.985344
1415,6,8,8,0.979392
1416,6,8,10,0.994176
1417,6,8,10,0.988736
1418,6,8,10,0.98784
1419,6,8,12,0.9781120000000001
1420,6,8,12,0.980608
1421,6,8,12,0.993024
1422,6,8,14,0.975168
1423,6,8,14,0.990208
1424,6,8,14,0.988416
1425,6,8,16,0.9811840000000001
1426,6,8,16,0.9873919999999999
1427,6,8,16,0.9950720000000001
1428,6,8,18,0.9968
1429,6,8,18,0.999488
1430,6,8,18,0.9788800000000001
1431,6,9,2,0.981056
1432,6,9,2,0.9755520000000001
1433,6,9,2,0.9795840000000001
1434,6,9,4,0.9879680000000001
1435,6,9,4,0.9848319999999999
1436,6,9,4,0.97632
1437,6,9,6,0.958016
1438,6,9,6,0.9888
1439,6,9,6,0.9868159999999999
1440,6,9,8,0.9811840000000001
1441,6,9,8,0.99264
1442,6,9,8,0.983744
1443,6,9,10,0.9992320000000001
1444,6,9,10,0.984576
1445,6,9,10,0.9947520000000001
1446,6,9,12,0.971456
1447,6,9,12,0.9829760000000001
1448,6,9,12,0.98336
1449,6,9,14,0.99936
1450,6,9,14,0.9932799999999999
1451,6,9,14,0.970432
1452,6,9,16,0.9905280000000001
1453,6,9,16,0.990912
1454,6,9,16,0.9859200000000001
1455,6,9,18,0.987264
1456,6,9,18,0.975232
1457,6,9,18,0.9875200000000002
1458,7,1,2,0.9104
1459,7,1,2,0.886464
1460,7,1,2,0.847808
1461,7,1,4,0.9242239999999999
1462,7,1,4,0.8982399999999999
1463,7,1,4,0.980864
1464,7,1,6,0.958208
1465,7,1,6,0.937856
1466,7,1,6,0.9097599999999999
1467,7,1,8,0.912576
1468,7,1,8,0.866368
1469,7,1,8,0.8778240000000002
1470,7,1,10,0.870144
1471,7,1,10,0.9163519999999999
1472,7,1,10,0.89792
1473,7,1,12,0.9089280000000001
1474,7,1,12,0.917184
1475,7,1,12,0.874816
1476,7,1,14,0.857664
1477,7,1,14,0.91264
1478,7,1,14,0.8832
1479,7,1,16,0.891584
1480,7,1,16,0.8055040000000001
1481,7,1,16,0.9390719999999999
1482,7,1,18,0.888384
1483,7,1,18,0.914112
1484,7,1,18,0.9406720000000001
1485,7,2,2,0.8515840000000001
1486,7,2,2,0.9263999999999999
1487,7,2,2,0.984128
1488,7,2,4,0.8376959999999999
1489,7,2,4,0.9566079999999999
1490,7,2,4,0.9441919999999999
1491,7,2,6,0.9378559999999999
1492,7,2,6,0.9356800000000001
1493,7,2,6,0.962816
1494,7,2,8,0.96864
1495,7,2,8,0.919616
1496,7,2,8,0.939776
1497,7,2,10,0.965824
1498,7,2,10,0.974528
1499,7,2,10,0.943232
1500,7,2,12,0.9390080000000001
1501,7,2,12,0.8882559999999999
1502,7,2,12,0.967168
1503,7,2,14,0.939584
1504,7,2,14,0.9565440000000001
1505,7,2,14,0.9092480000000001
1506,7,2,16,0.9306880000000001
1507,7,2,16,0.96032
1508,7,2,16,0.9342720000000001
1509,7,2,18,0.9639679999999999
1510,7,2,18,0.923392
1511,7,2,18,0.969856
1512,7,3,2,0.879552
1513,7,3,2,0.968192
1514,7,3,2,0.904192
1515,7,3,4,0.951616
1516,7,3,4,0.948672
1517,7,3,4,0.9648639999999999
1518,7,3,6,0.96032
1519,7,3,6,0.969792
1520,7,3,6,0.9714560000000001
1521,7,3,8,0.93632
1522,7,3,8,0.9827199999999999
1523,7,3,8,0.9527680000000001
1524,7,3,10,0.9584
1525,7,3,10,0.9824
1526,7,3,10,0.9520000000000001
1527,7,3,12,0.969344
1528,7,3,12,0.9696639999999999
1529,7,3,12,0.962112
1530,7,3,14,0.977344
1531,7,3,14,0.932096
1532,7,3,14,0.968768
1533,7,3,16,0.980416
1534,7,3,16,0.970176
1535,7,3,16,0.9672959999999999
1536,7,3,18,0.9738880000000001
1537,7,3,18,0.959488
1538,7,3,18,0.9919359999999999
1539,7,4,2,0.984
1540,7,4,2,0.9798399999999999
1541,7,4,2,0.953728
1542,7,4,4,0.949312
1543,7,4,4,0.94272
1544,7,4,4,0.975232
1545,7,4,6,0.986048
1546,7,4,6,0.971072
1547,7,4,6,0.954752
1548,7,4,8,0.9743360000000001
1549,7,4,8,0.984064
1550,7,4,8,0.980352
1551,7,4,10,0.958912
1552,7,4,10,0.9497599999999999
1553,7,4,10,0.963264
1554,7,4,12,0.973568
1555,7,4,12,0.972992
1556,7,4,12,0.937024
1557,7,4,14,0.978816
1558,7,4,14,0.976
1559,7,4,14,0.9754879999999999
1560,7,4,16,0.9847680000000001
1561,7,4,16,0.98112
1562,7,4,16,0.9477119999999999
1563,7,4,18,0.97088
1564,7,4,18,0.979712
1565,7,4,18,0.971456
1566,7,5,2,0.980672
1567,7,5,2,0.98304
1568,7,5,2,0.957312
1569,7,5,4,0.988864
1570,7,5,4,0.974784
1571,7,5,4,0.98144
1572,7,5,6,0.97056
1573,7,5,6,0.985088
1574,7,5,6,0.951168
1575,7,5,8,0.994176
1576,7,5,8,0.987136
1577,7,5,8,0.987136
1578,7,5,10,0.98208
1579,7,5,10,0.9811840000000001
1580,7,5,10,0.979904
1581,7,5,12,0.981056
1582,7,5,12,0.9641599999999999
1583,7,5,12,0.961856
1584,7,5,14,0.9852799999999999
1585,7,5,14,0.996288
1586,7,5,14,0.9706879999999999
1587,7,5,16,0.9890559999999999
1588,7,5,16,0.993664
1589,7,5,16,0.9808000000000001
1590,7,5,18,0.974528
1591,7,5,18,0.996352
1592,7,5,18,0.991232
1593,7,6,2,0.965696
1594,7,6,2,0.974336
1595,7,6,2,0.9646720000000001
1596,7,6,4,0.9903360000000001
1597,7,6,4,0.9863680000000001
1598,7,6,4,0.956608
1599,7,6,6,0.986624
1600,7,6,6,0.975936
1601,7,6,6,0.995968
1602,7,6,8,0.977344
1603,7,6,8,0.984448
1604,7,6,8,0.9692799999999999
1605,7,6,10,0.975104
1606,7,6,10,0.971264
1607,7,6,10,0.992448
1608,7,6,12,0.9806079999999999
1609,7,6,12,0.964288
1610,7,6,12,0.971584
1611,7,6,14,0.9735039999999999
1612,7,6,14,0.97664
1613,7,6,14,0.980864
1614,7,6,16,0.984896
1615,7,6,16,0.981568
1616,7,6,16,0.998016
1617,7,6,18,0.9846400000000001
1618,7,6,18,0.976256
1619,7,6,18,0.982848
1620,7,7,2,0.856384
1621,7,7,2,0.9761920000000001
1622,7,7,2,0.985664
1623,7,7,4,0.901056
1624,7,7,4,0.9890560000000002
1625,7,7,4,0.985152
1626,7,7,6,0.999936
1627,7,7,6,0.97856
1628,7,7,6,0.867648
1629,7,7,8,0.9935360000000001
1630,7,7,8,0.994112
1631,7,7,8,0.997696
1632,7,7,10,0.969344
1633,7,7,10,0.996864
1634,7,7,10,0.982272
1635,7,7,12,0.978816
1636,7,7,12,0.983744
1637,7,7,12,0.9932799999999999
1638,7,7,14,0.996096
1639,7,7,14,0.98784
1640,7,7,14,0.97952
1641,7,7,16,0.99744
1642,7,7,16,0.9936640000000001
1643,7,7,16,0.990528
1644,7,7,18,0.985856
1645,7,7,18,0.9765119999999999
1646,7,7,18,0.990144
1647,7,8,2,0.9166719999999999
1648,7,8,2,0.9659519999999999
1649,7,8,2,0.84896
1650,7,8,4,0.9903360000000001
1651,7,8,4,0.985152
1652,7,8,4,0.972032
1653,7,8,6,0.965632
1654,7,8,6,0.9904000000000001
1655,7,8,6,0.969664
1656,7,8,8,0.9836799999999999
1657,7,8,8,0.984448
1658,7,8,8,0.977344
1659,7,8,10,0.9783040000000001
1660,7,8,10,0.9816320000000001
1661,7,8,10,0.9932159999999999
1662,7,8,12,0.99104
1663,7,8,12,0.9808
1664,7,8,12,0.9928319999999999
1665,7,8,14,0.988096
1666,7,8,14,0.987904
1667,7,8,14,0.9790080000000001
1668,7,8,16,0.992512
1669,7,8,16,0.995776
1670,7,8,16,0.986752
1671,7,8,18,0.987584
1672,7,8,18,0.9820800000000001
1673,7,8,18,0.9865600000000001
1674,7,9,2,0.8791680000000001
1675,7,9,2,0.9953919999999999
1676,7,9,2,0.992704
1677,7,9,4,0.984896
1678,7,9,4,0.957632
1679,7,9,4,0.9756800000000001
1680,7,9,6,0.9991680000000001
1681,7,9,6,0.992128
1682,7,9,6,0.9879039999999999
1683,7,9,8,0.9860479999999999
1684,7,9,8,0.9839359999999999
1685,7,9,8,0.988992
1686,7,9,10,0.979456
1687,7,9,10,0.9918720000000001
1688,7,9,10,0.99296
1689,7,9,12,0.9816320000000001
1690,7,9,12,0.992128
1691,7,9,12,0.998976
1692,7,9,14,0.979136
1693,7,9,14,0.981376
1694,7,9,14,0.986304
1695,7,9,16,0.99136
1696,7,9,16,0.992896
1697,7,9,16,0.993088
1698,7,9,18,0.987264
1699,7,9,18,0.994496
1700,7,9,18,0.9886720000000001
1701,8,1,2,0.813888
1702,8,1,2,0.92032
1703,8,1,2,0.8229760000000002
1704,8,1,4,0.891136
1705,8,1,4,0.801792
1706,8,1,4,0.9199360000000001
1707,8,1,6,0.879744
1708,8,1,6,0.891776
1709,8,1,6,0.8872319999999999
1710,8,1,8,0.851904
1711,8,1,8,0.92128
1712,8,1,8,0.9423999999999999
1713,8,1,10,0.956864
1714,8,1,10,0.8209919999999999
1715,8,1,10,0.9228800000000001
1716,8,1,12,0.891392
1717,8,1,12,0.9368320000000001
1718,8,1,12,0.950592
1719,8,1,14,0.910592
1720,8,1,14,0.930048
1721,8,1,14,0.913344
1722,8,1,16,0.934976
1723,8,1,16,0.872384
1724,8,1,16,0.947264
1725,8,1,18,0.875264
1726,8,1,18,0.897664
1727,8,1,18,0.9052800000000001
1728,8,2,2,0.9361919999999999
1729,8,2,2,0.949952
1730,8,2,2,0.9310080000000001
1731,8,2,4,0.9712000000000001
1732,8,2,4,0.902848
1733,8,2,4,0.957376
1734,8,2,6,0.9466880000000001
1735,8,2,6,0.927424
1736,8,2,6,0.974912
1737,8,2,8,0.9568639999999999
1738,8,2,8,0.977344
1739,8,2,8,0.955264
1740,8,2,10,0.907584
1741,8,2,10,0.9252480000000001
1742,8,2,10,0.9668479999999999
1743,8,2,12,0.975744
1744,8,2,12,0.96
1745,8,2,12,0.944832
1746,8,2,14,0.968064
1747,8,2,14,0.9301760000000001
1748,8,2,14,0.916096
1749,8,2,16,0.94432
1750,8,2,16,0.9748479999999999
1751,8,2,16,0.955328
1752,8,2,18,0.932544
1753,8,2,18,0.974912
1754,8,2,18,0.9504
1755,8,3,2,0.9747839999999999
1756,8,3,2,0.83104
1757,8,3,2,0.953152
1758,8,3,4,0.9502079999999999
1759,8,3,4,0.9754240000000001
1760,8,3,4,0.971456
1761,8,3,6,0.982272
1762,8,3,6,0.971072
1763,8,3,6,0.988032
1764,8,3,8,0.8909440000000001
1765,8,3,8,0.955584
1766,8,3,8,0.9594239999999999
1767,8,3,10,0.952
1768,8,3,10,0.9598720000000001
1769,8,3,10,0.953792
1770,8,3,12,0.958528
1771,8,3,12,0.960896
1772,8,3,12,0.96128
1773,8,3,14,0.973824
1774,8,3,14,0.992896
1775,8,3,14,0.978432
1776,8,3,16,0.991296
1777,8,3,16,0.955584
1778,8,3,16,0.9683839999999999
1779,8,3,18,0.95264
1780,8,3,18,0.938048
1781,8,3,18,0.945728
1782,8,4,2,0.9329280000000001
1783,8,4,2,0.9790719999999999
1784,8,4,2,0.9794559999999999
1785,8,4,4,0.9967999999999999
1786,8,4,4,0.9706239999999999
1787,8,4,4,0.970752
1788,8,4,6,0.993088
1789,8,4,6,0.9849600000000001
1790,8,4,6,0.977984
1791,8,4,8,0.987392
1792,8,4,8,0.9785600000000001
1793,8,4,8,0.9760639999999999
1794,8,4,10,0.950912
1795,8,4,10,0.9858560000000001
1796,8,4,10,0.962944
1797,8,4,12,0.990912
1798,8,4,12,0.965248
1799,8,4,12,0.9781759999999999
1800,8,4,14,0.993536
1801,8,4,14,0.9872000000000001
1802,8,4,14,0.9866879999999999
1803,8,4,16,0.978816
1804,8,4,16,0.99008
1805,8,4,16,0.9796480000000001
1806,8,4,18,0.9703680000000001
1807,8,4,18,0.984832
1808,8,4,18,0.9725440000000001
1809,8,5,2,0.9784320000000001
1810,8,5,2,0.9735039999999999
1811,8,5,2,0.8859520000000001
1812,8,5,4,0.975872
1813,8,5,4,0.983744
1814,8,5,4,0.957504
1815,8,5,6,0.990208
1816,8,5,6,0.9822080000000001
1817,8,5,6,0.9943040000000001
1818,8,5,8,0.963008
1819,8,5,8,0.980032
1820,8,5,8,0.934592
1821,8,5,10,0.983296
1822,8,5,10,0.984576
1823,8,5,10,0.973312
1824,8,5,12,0.9714560000000001
1825,8,5,12,0.973824
1826,8,5,12,0.9832960000000001
1827,8,5,14,0.9698559999999999
1828,8,5,14,0.9776
1829,8,5,14,0.97632
1830,8,5,16,0.9838720000000001
1831,8,5,16,0.984256
1832,8,5,16,0.978432
1833,8,5,18,0.980224
1834,8,5,18,0.989568
1835,8,5,18,0.994688
1836,8,6,2,0.9808640000000001
1837,8,6,2,0.982784
1838,8,6,2,0.990592
1839,8,6,4,0.9840639999999999
1840,8,6,4,0.967744
1841,8,6,4,0.9928960000000001
1842,8,6,6,0.995008
1843,8,6,6,0.968128
1844,8,6,6,0.9802879999999999
1845,8,6,8,0.9716480000000001
1846,8,6,8,0.982848
1847,8,6,8,0.969664
1848,8,6,10,0.979648
1849,8,6,10,0.9871359999999999
1850,8,6,10,0.9640960000000001
1851,8,6,12,0.976064
1852,8,6,12,0.9760639999999999
1853,8,6,12,0.9856640000000001
1854,8,6,14,0.974912
1855,8,6,14,0.9712639999999999
1856,8,6,14,0.980096
1857,8,6,16,0.991168
1858,8,6,16,0.9906560000000001
1859,8,6,16,0.9856
1860,8,6,18,0.986048
1861,8,6,18,0.990528
1862,8,6,18,0.9896960000000001
1863,8,7,2,0.9879040000000001
1864,8,7,2,0.990272
1865,8,7,2,0.973888
1866,8,7,4,0.98592
1867,8,7,4,0.9899519999999999
1868,8,7,4,0.881216
1869,8,7,6,0.985472
1870,8,7,6,0.992704
1871,8,7,6,0.9491200000000001
1872,8,7,8,0.9887360000000001
1873,8,7,8,0.9719679999999999
1874,8,7,8,0.98912
1875,8,7,10,0.987456
1876,8,7,10,0.9804160000000001
1877,8,7,10,0.97376
1878,8,7,12,0.9917440000000001
1879,8,7,12,0.981568
1880,8,7,12,0.99488
1881,8,7,14,0.987264
1882,8,7,14,0.990272
1883,8,7,14,0.988224
1884,8,7,16,0.9939200000000001
1885,8,7,16,0.993728
1886,8,7,16,0.975424
1887,8,7,18,0.983424
1888,8,7,18,0.993472
1889,8,7,18,0.9752320000000001
1890,8,8,2,0.9747840000000001
1891,8,8,2,0.972224
1892,8,8,2,0.9849600000000001
1893,8,8,4,0.9880960000000001
1894,8,8,4,0.977984
1895,8,8,4,0.991168
1896,8,8,6,0.987648
1897,8,8,6,0.989376
1898,8,8,6,0.974464
1899,8,8,8,0.9937280000000001
1900,8,8,8,0.9838720000000001
1901,8,8,8,0.9829760000000001
1902,8,8,10,0.98784
1903,8,8,10,0.9843839999999999
1904,8,8,10,0.98016
1905,8,8,12,0.977728
1906,8,8,12,0.9888
1907,8,8,12,0.9818239999999999
1908,8,8,14,0.9819520000000002
1909,8,8,14,0.9996799999999999
1910,8,8,14,0.9797119999999999
1911,8,8,16,0.9848319999999999
1912,8,8,16,0.9967360000000001
1913,8,8,16,0.993024
1914,8,8,18,0.98624
1915,8,8,18,0.9918080000000001
1916,8,8,18,0.996928
1917,8,9,2,0.990272
1918,8,9,2,0.9779840000000001
1919,8,9,2,0.978752
1920,8,9,4,0.9787520000000001
1921,8,9,4,0.978688
1922,8,9,4,0.9839359999999999
1923,8,9,6,0.985152
1924,8,9,6,0.980096
1925,8,9,6,0.983744
1926,8,9,8,0.991872
1927,8,9,8,0.979584
1928,8,9,8,0.9913599999999999
1929,8,9,10,0.9875200000000001
1930,8,9,10,0.9645440000000001
1931,8,9,10,0.986496
1932,8,9,12,0.996928
1933,8,9,12,0.9854080000000001
1934,8,9,12,0.977344
1935,8,9,14,0.995456
1936,8,9,14,0.9925120000000001
1937,8,9,14,0.993536
1938,8,9,16,0.99168
1939,8,9,16,0.978688
1940,8,9,16,0.9888
1941,8,9,18,0.9827840000000001
1942,8,9,18,0.984
1943,8,9,18,0.985984
1944,9,1,2,0.9388799999999999
1945,9,1,2,0.938688
1946,9,1,2,0.895168
1947,9,1,4,0.900864
1948,9,1,4,0.929664
1949,9,1,4,0.904512
1950,9,1,6,0.8641279999999999
1951,9,1,6,0.875328
1952,9,1,6,0.9463039999999999
1953,9,1,8,0.8617599999999999
1954,9,1,8,0.9697919999999999
1955,9,1,8,0.8708480000000001
1956,9,1,10,0.943104
1957,9,1,10,0.92864
1958,9,1,10,0.9225599999999999
1959,9,1,12,0.909824
1960,9,1,12,0.8929920000000001
1961,9,1,12,0.8759680000000001
1962,9,1,14,0.893632
1963,9,1,14,0.918592
1964,9,1,14,0.8304
1965,9,1,16,0.9649920000000001
1966,9,1,16,0.934528
1967,9,1,16,0.9484799999999999
1968,9,1,18,0.9287039999999999
1969,9,1,18,0.922496
1970,9,1,18,0.883264
1971,9,2,2,0.953344
1972,9,2,2,0.8529279999999999
1973,9,2,2,0.9523199999999999
1974,9,2,4,0.97344
1975,9,2,4,0.9621759999999999
1976,9,2,4,0.786752
1977,9,2,6,0.994112
1978,9,2,6,0.96704
1979,9,2,6,0.955328
1980,9,2,8,0.9523840000000001
1981,9,2,8,0.966976
1982,9,2,8,0.924288
1983,9,2,10,0.942848
1984,9,2,10,0.972736
1985,9,2,10,0.972736
1986,9,2,12,0.954048
1987,9,2,12,0.97088
1988,9,2,12,0.950656
1989,9,2,14,0.9544320000000002
1990,9,2,14,0.952256
1991,9,2,14,0.91936
1992,9,2,16,0.9811840000000001
1993,9,2,16,0.960896
1994,9,2,16,0.9735039999999999
1995,9,2,18,0.8804479999999999
1996,9,2,18,0.9735039999999999
1997,9,2,18,0.952192
1998,9,3,2,0.9750399999999999
1999,9,3,2,0.9656960000000001
2000,9,3,2,0.966784
2001,9,3,4,0.97472
2002,9,3,4,0.974336
2003,9,3,4,0.9716480000000001
2004,9,3,6,0.9886079999999999
2005,9,3,6,0.961024
2006,9,3,6,0.969408
2007,9,3,8,0.9475199999999999
2008,9,3,8,0.98048
2009,9,3,8,0.9579520000000001
2010,9,3,10,0.991424
2011,9,3,10,0.989696
2012,9,3,10,0.990208
2013,9,3,12,0.968448
2014,9,3,12,0.963584
2015,9,3,12,0.992
2016,9,3,14,0.959488
2017,9,3,14,0.9376639999999999
2018,9,3,14,0.973568
2019,9,3,16,0.9507840000000001
2020,9,3,16,0.97696
2021,9,3,16,0.9928319999999999
2022,9,3,18,0.988288
2023,9,3,18,0.971456
2024,9,3,18,0.969792
2025,9,4,2,0.9654400000000001
2026,9,4,2,0.982208
2027,9,4,2,0.9565440000000001
2028,9,4,4,0.9653760000000001
2029,9,4,4,0.9667840000000001
2030,9,4,4,0.964224
2031,9,4,6,0.991616
2032,9,4,6,0.972928
2033,9,4,6,0.953728
2034,9,4,8,0.990528
2035,9,4,8,0.974976
2036,9,4,8,0.990848
2037,9,4,10,0.99552
2038,9,4,10,0.9851519999999999
2039,9,4,10,0.958208
2040,9,4,12,0.9815039999999999
2041,9,4,12,0.9921920000000002
2042,9,4,12,0.9767680000000001
2043,9,4,14,0.9729920000000001
2044,9,4,14,0.991808
2045,9,4,14,0.982336
2046,9,4,16,0.9936639999999999
2047,9,4,16,0.987328
2048,9,4,16,0.985152
2049,9,4,18,0.965312
2050,9,4,18,0.982656
2051,9,4,18,0.9895039999999999
2052,9,5,2,0.9850880000000001
2053,9,5,2,0.9549440000000001
2054,9,5,2,0.9859840000000001
2055,9,5,4,1.0
2056,9,5,4,0.9866879999999999
2057,9,5,4,0.997568
2058,9,5,6,0.98048
2059,9,5,6,0.9741440000000001
2060,9,5,6,0.978752
2061,9,5,8,0.9819519999999999
2062,9,5,8,0.986048
2063,9,5,8,0.985664
2064,9,5,10,0.98112
2065,9,5,10,0.984704
2066,9,5,10,0.9872
2067,9,5,12,0.9662719999999999
2068,9,5,12,0.987648
2069,9,5,12,0.9255680000000001
2070,9,5,14,0.996416
2071,9,5,14,0.997056
2072,9,5,14,0.9859200000000001
2073,9,5,16,0.990272
2074,9,5,16,0.990208
2075,9,5,16,0.99552
2076,9,5,18,0.988992
2077,9,5,18,0.9818239999999999
2078,9,5,18,0.993472
2079,9,6,2,0.983616
2080,9,6,2,0.998464
2081,9,6,2,0.983616
2082,9,6,4,0.9037439999999999
2083,9,6,4,0.996736
2084,9,6,4,0.991168
2085,9,6,6,0.9883519999999999
2086,9,6,6,0.9891200000000001
2087,9,6,6,0.981056
2088,9,6,8,0.988288
2089,9,6,8,0.984192
2090,9,6,8,0.979456
2091,9,6,10,0.9839359999999999
2092,9,6,10,0.9956480000000001
2093,9,6,10,0.977792
2094,9,6,12,0.986432
2095,9,6,12,0.96768
2096,9,6,12,0.9801600000000001
2097,9,6,14,0.975296
2098,9,6,14,0.999168
2099,9,6,14,0.9866879999999999
2100,9,6,16,0.976
2101,9,6,16,0.97792
2102,9,6,16,0.986304
2103,9,6,18,0.994944
2104,9,6,18,0.987456
2105,9,6,18,0.9957119999999999
2106,9,7,2,0.9978879999999999
2107,9,7,2,0.990208
2108,9,7,2,0.97248
2109,9,7,4,0.9392639999999999
2110,9,7,4,0.9786239999999999
2111,9,7,4,0.990528
2112,9,7,6,0.988288
2113,9,7,6,0.987776
2114,9,7,6,0.984832
2115,9,7,8,0.985792
2116,9,7,8,0.99456
2117,9,7,8,0.9890559999999999
2118,9,7,10,0.990336
2119,9,7,10,0.982464
2120,9,7,10,0.98048
2121,9,7,12,0.9914879999999999
2122,9,7,12,0.9823999999999999
2123,9,7,12,0.9923839999999999
2124,9,7,14,0.9898240000000001
2125,9,7,14,0.9941760000000001
2126,9,7,14,0.992192
2127,9,7,16,0.9905919999999999
2128,9,7,16,0.9834879999999999
2129,9,7,16,0.986944
2130,9,7,18,0.990592
2131,9,7,18,0.975808
2132,9,7,18,0.9865600000000001
2133,9,8,2,0.992704
2134,9,8,2,0.8082560000000001
2135,9,8,2,0.9985280000000001
2136,9,8,4,0.9927680000000001
2137,9,8,4,0.9881599999999999
2138,9,8,4,0.986688
2139,9,8,6,0.98592
2140,9,8,6,0.995456
2141,9,8,6,0.995776
2142,9,8,8,0.9872000000000001
2143,9,8,8,0.9848959999999999
2144,9,8,8,0.9989760000000001
2145,9,8,10,0.9896960000000001
2146,9,8,10,0.9875200000000001
2147,9,8,10,0.990016
2148,9,8,12,0.9934080000000001
2149,9,8,12,0.991104
2150,9,8,12,0.98848
2151,9,8,14,0.989504
2152,9,8,14,0.987008
2153,9,8,14,0.97792
2154,9,8,16,0.9907840000000001
2155,9,8,16,0.983488
2156,9,8,16,0.973568
2157,9,8,18,0.982272
2158,9,8,18,0.9788159999999999
2159,9,8,18,0.99456
2160,9,9,2,0.9867520000000001
2161,9,9,2,0.987456
2162,9,9,2,0.963136
2163,9,9,4,0.991232
2164,9,9,4,0.9920000000000001
2165,9,9,4,0.9848960000000001
2166,9,9,6,0.979904
2167,9,9,6,0.99808
2168,9,9,6,0.97312
2169,9,9,8,0.9841920000000001
2170,9,9,8,0.983744
2171,9,9,8,0.9883519999999999
2172,9,9,10,0.988544
2173,9,9,10,0.9807999999999999
2174,9,9,10,0.9956480000000001
2175,9,9,12,0.9927680000000001
2176,9,9,12,0.982976
2177,9,9,12,0.98912
2178,9,9,14,0.9935360000000001
2179,9,9,14,0.985024
2180,9,9,14,0.9896320000000001
2181,9,9,16,0.9966720000000001
2182,9,9,16,0.9914240000000001
2183,9,9,16,0.9904
2184,9,9,18,0.998336
2185,9,9,18,0.9867520000000001
2186,9,9,18,0.985792
